Temp,Atemp,Hum,Windspeed,Casual,Registered,Cntlag,Cnt
0.2,0.212122,0.5904360000000001,0.160296,120.0,1229.0,5.832896260408557,5.4582418254610365
0.226957,0.22927,0.43695799999999996,0.1869,108.0,1454.0,5.4582418254610365,5.335674929097402
0.204348,0.233209,0.518262,0.0895652,82.0,1518.0,5.335674929097402,5.315381337547995
0.196522,0.208839,0.49869699999999995,0.168726,88.0,1518.0,5.315381337547995,5.250001386571424
0.165,0.162254,0.535834,0.266804,148.0,1362.0,5.250001386571424,4.857664496343629
0.138333,0.116175,0.434168,0.36195,68.0,891.0,4.857664496343629,5.157487671441902
0.150833,0.150888,0.48291799999999996,0.223267,54.0,768.0,5.157487671441902,5.786042260735306
0.169091,0.191464,0.686365,0.122132,41.0,1280.0,5.786042260735306,5.266739169097327
0.172727,0.160473,0.599546,0.304627,43.0,1220.0,5.266739169097327,5.228291166330526
0.165,0.150883,0.47041799999999995,0.301,25.0,1137.0,5.228291166330526,5.502244486227915
0.16087,0.188413,0.537827,0.126548,38.0,1368.0,5.502244486227915,5.322250406995651
0.233333,0.248112,0.498751,0.157963,54.0,1367.0,5.322250406995651,5.181819772101433
0.231667,0.234217,0.483751,0.188433,222.0,1026.0,5.181819772101433,5.275745428208554
0.175833,0.176771,0.537501,0.194017,251.0,953.0,5.275745428208554,5.125989004382531
0.216667,0.232333,0.861668,0.146775,117.0,883.0,5.125989004382531,4.930377931857814
0.292174,0.298422,0.7417400000000001,0.208317,9.0,674.0,4.930377931857814,6.193674058592997
0.261667,0.25505,0.538334,0.195904,78.0,1572.0,6.193674058592997,5.466827452788901
0.1775,0.157833,0.457084,0.353242,83.0,1844.0,5.466827452788901,5.089402535217955
0.0591304,0.0790696,0.400001,0.17197,75.0,1468.0,5.089402535217955,4.8587269584713635
0.0965217,0.0988391,0.436523,0.2466,93.0,888.0,4.8587269584713635,5.3167222463064325
0.0973913,0.11793,0.49173999999999995,0.15833,150.0,836.0,5.3167222463064325,5.6735732709201905
0.223478,0.234526,0.616958,0.129796,86.0,1330.0,5.6735732709201905,5.649421270136786
0.2175,0.2036,0.8625010000000001,0.29385,186.0,1799.0,5.649421270136786,3.944800827435336
0.195,0.2197,0.687501,0.113837,34.0,472.0,3.944800827435336,5.151209772085442
0.203478,0.223317,0.7930440000000001,0.1233,15.0,416.0,5.151209772085442,6.307721893451969
0.196522,0.212126,0.65174,0.145365,38.0,1129.0,6.307721893451969,5.250692341052081
0.216522,0.250322,0.722175,0.0739826,123.0,975.0,5.250692341052081,5.309815196707646
0.180833,0.18625,0.603751,0.187192,140.0,956.0,5.309815196707646,5.626102715394661
0.192174,0.23453,0.829566,0.053213,42.0,1459.0,5.626102715394661,5.212991498365796
0.26,0.254417,0.775418,0.264308,47.0,1313.0,5.212991498365796,5.426803584383466
0.186957,0.177878,0.43782699999999997,0.277752,72.0,1454.0,5.426803584383466,5.327243349338051
0.211304,0.228587,0.585218,0.127839,61.0,1489.0,5.327243349338051,5.408706515704384
0.233333,0.243058,0.929168,0.161079,88.0,1620.0,5.408706515704384,4.781302797413821
0.285833,0.291671,0.568334,0.1418,100.0,905.0,4.781302797413821,5.790927098290576
0.271667,0.303658,0.738334,0.0454083,354.0,1269.0,5.790927098290576,5.365024340456257
0.220833,0.198246,0.537918,0.36195,120.0,1592.0,5.365024340456257,5.1992438089539545
0.134783,0.144283,0.49478399999999995,0.188839,64.0,1466.0,5.1992438089539545,5.359494372446796
0.144348,0.149548,0.43739199999999995,0.221935,53.0,1552.0,5.359494372446796,5.268997465770633
0.189091,0.213509,0.5063650000000001,0.10855,47.0,1491.0,5.268997465770633,5.438482937603119
0.2225,0.232954,0.544168,0.203367,149.0,1597.0,5.438482937603119,5.140932914158435
0.316522,0.324113,0.45739199999999997,0.260883,288.0,1184.0,5.140932914158435,5.388121218517056
0.415,0.39835,0.37583399999999995,0.417908,397.0,1192.0,5.388121218517056,5.497206154172697
0.266087,0.254274,0.314349,0.291374,208.0,1705.0,5.497206154172697,5.259051128527859
0.318261,0.3162,0.423479,0.251791,140.0,1675.0,5.259051128527859,5.464607696050588
0.435833,0.428658,0.505001,0.230104,218.0,1897.0,5.464607696050588,5.4688239347915735
0.521667,0.511983,0.516668,0.264925,259.0,2216.0,5.4688239347915735,5.4793759629582555
0.399167,0.391404,0.187918,0.507463,579.0,2348.0,5.4793759629582555,4.729303147908629
0.285217,0.27733,0.407827,0.223235,532.0,1103.0,4.729303147908629,5.414426754540731
0.303333,0.284075,0.605001,0.307846,639.0,1173.0,5.414426754540731,4.818860797374874
0.182222,0.186033,0.577779,0.195683,195.0,912.0,4.818860797374874,5.581548253975144
0.221739,0.245717,0.423044,0.094113,74.0,1376.0,5.581548253975144,5.590836258900185
0.295652,0.289191,0.697392,0.250496,139.0,1778.0,5.590836258900185,5.252544898815745
0.364348,0.350461,0.712175,0.346539,100.0,1707.0,5.252544898815745,5.099091472427632
0.2825,0.282192,0.537918,0.186571,120.0,1341.0,5.099091472427632,5.610043018157587
0.343478,0.351109,0.6800010000000001,0.125248,424.0,1545.0,5.610043018157587,5.510414275269964
0.407273,0.400118,0.8763650000000001,0.289686,694.0,1708.0,5.510414275269964,4.804137751347942
0.266667,0.263879,0.5350010000000001,0.216425,81.0,1365.0,4.804137751347942,5.558563261123948
0.335,0.320071,0.449584,0.307833,137.0,1714.0,5.558563261123948,5.4539104705573624
0.198333,0.200133,0.31833399999999995,0.225754,231.0,1903.0,5.4539104705573624,5.075405762193924
0.261667,0.255679,0.610418,0.203346,123.0,1562.0,5.075405762193924,5.454620493503083
0.384167,0.378779,0.789168,0.251871,214.0,1730.0,5.454620493503083,5.377815190124888
0.376522,0.366252,0.948262,0.343287,640.0,1437.0,5.377815190124888,4.078186985423891
0.261739,0.238461,0.551305,0.341352,114.0,491.0,4.078186985423891,6.441172550275856
0.2925,0.3024,0.420834,0.12065,244.0,1628.0,6.441172550275856,5.442160412702974
0.295833,0.286608,0.775418,0.22015,316.0,1817.0,5.442160412702974,5.191214701456268
0.389091,0.385668,1e-06,0.261877,191.0,1700.0,5.191214701456268,4.201323801398156
0.316522,0.305,0.649566,0.23297,46.0,577.0,4.201323801398156,6.466427655652325
0.329167,0.32575,0.594584,0.220775,247.0,1730.0,6.466427655652325,5.387118313384279
0.384348,0.380091,0.5273920000000001,0.270604,724.0,1408.0,5.387118313384279,5.437104946686909
0.325217,0.332,0.49695799999999996,0.136926,982.0,1435.0,5.437104946686909,5.144997917077249
0.317391,0.318178,0.655653,0.184309,359.0,1687.0,5.144997917077249,5.316514031332645
0.365217,0.36693,0.7765230000000001,0.203117,289.0,1767.0,5.316514031332645,5.375690372762011
0.415,0.410333,0.6029180000000001,0.209579,321.0,1871.0,5.375690372762011,5.536240692047031
0.54,0.527009,0.5252180000000001,0.231017,424.0,2320.0,5.536240692047031,5.4774862815947145
0.4725,0.466525,0.37916799999999995,0.368167,884.0,2355.0,5.4774862815947145,5.273244711865169
0.3325,0.32575,0.473751,0.207721,1424.0,1693.0,5.273244711865169,5.079390277490433
0.430435,0.409735,0.737392,0.288783,1047.0,1424.0,5.079390277490433,5.137939969156663
0.441667,0.440642,0.624584,0.22575,401.0,1676.0,5.137939969156663,5.575076073669496
0.346957,0.337939,0.839566,0.234261,460.0,2243.0,5.575076073669496,5.069163759557395
0.285,0.270833,0.805834,0.243787,203.0,1918.0,5.069163759557395,5.183011728782394
0.264167,0.256312,0.49500099999999997,0.230725,166.0,1699.0,5.183011728782394,5.4813698137030435
0.265833,0.257571,0.39416799999999996,0.209571,300.0,1910.0,5.4813698137030435,5.433335286246681
0.253043,0.250339,0.49391399999999996,0.1843,981.0,1515.0,5.433335286246681,4.9234510039129775
0.264348,0.257574,0.30217499999999997,0.212204,472.0,1221.0,4.9234510039129775,5.492186333847099
0.3025,0.292908,0.31416799999999995,0.226996,222.0,1806.0,5.492186333847099,5.490419789929671
0.3,0.29735,0.646668,0.172888,317.0,2108.0,5.490419789929671,4.854988461605195
0.268333,0.257575,0.918334,0.217646,168.0,1368.0,4.854988461605195,5.404222280348005
0.3,0.283454,0.686251,0.258708,179.0,1506.0,5.404222280348005,5.590528175740066
0.315,0.315637,0.6537510000000001,0.197146,307.0,1920.0,5.590528175740066,5.322801673271375
0.378333,0.378767,0.48000099999999996,0.182213,898.0,1354.0,5.322801673271375,5.67816689767868
0.573333,0.542929,0.426251,0.385571,1651.0,1598.0,5.67816689767868,5.269520246821613
0.414167,0.39835,0.642084,0.388067,734.0,2381.0,5.269520246821613,4.760414220969987
0.390833,0.387608,0.470834,0.263063,167.0,1628.0,4.760414220969987,5.759105815492483
0.4375,0.433696,0.6029180000000001,0.162312,413.0,2395.0,5.759105815492483,5.423707085662106
0.335833,0.324479,0.8362510000000001,0.226992,571.0,2570.0,5.423707085662106,4.553039572331952
0.3425,0.341529,0.877501,0.133083,172.0,1299.0,4.553039572331952,5.823822670896344
0.426667,0.426737,0.8575010000000001,0.146767,879.0,1576.0,5.823822670896344,5.476496701047635
0.595652,0.565217,0.7169570000000001,0.324474,1188.0,1707.0,5.476496701047635,5.457016392871431
0.5025,0.493054,0.739168,0.274879,855.0,2493.0,5.457016392871431,4.813279496268301
0.4125,0.417283,0.819168,0.250617,257.0,1777.0,4.813279496268301,5.372667772859809
0.4675,0.462742,0.5404180000000001,0.1107,209.0,1953.0,5.372667772859809,5.724476764671078
0.446667,0.441913,0.671251,0.226375,529.0,2738.0,5.724476764671078,5.267520450649513
0.430833,0.425492,0.8883340000000001,0.340808,642.0,2484.0,5.267520450649513,3.9424709549420704
0.456667,0.445696,0.47958399999999995,0.303496,121.0,674.0,3.9424709549420704,6.861206074212312
0.5125,0.503146,0.542501,0.163567,1558.0,2186.0,6.861206074212312,5.223752466134598
0.505833,0.489258,0.665834,0.157971,669.0,2760.0,5.223752466134598,5.243769706994491
0.595,0.564392,0.614168,0.241925,409.0,2795.0,5.243769706994491,5.519433758803436
0.459167,0.453892,0.40708399999999995,0.325258,613.0,3331.0,5.519433758803436,5.37190495649367
0.336667,0.321954,0.729584,0.219521,745.0,3444.0,5.37190495649367,4.3997542245129315
0.46,0.450121,0.887918,0.230725,177.0,1506.0,4.3997542245129315,6.186314538551854
0.581667,0.551763,0.810834,0.192175,1462.0,2574.0,6.186314538551854,5.349323617720732
0.606667,0.5745,0.776668,0.185333,1710.0,2481.0,5.349323617720732,5.283078810992502
0.631667,0.594083,0.729168,0.3265,773.0,3300.0,5.283078810992502,5.3888630635271015
0.62,0.575142,0.835418,0.3122,678.0,3722.0,5.3888630635271015,5.183804979759276
0.6175,0.578929,0.7008340000000001,0.320908,547.0,3325.0,5.183804979759276,5.3585574232584525
0.51,0.497463,0.457084,0.240063,569.0,3489.0,5.3585574232584525,5.435916865673188
0.4725,0.464021,0.5033340000000001,0.235075,878.0,3717.0,5.435916865673188,5.456638007635644
0.451667,0.448204,0.762084,0.106354,1965.0,3347.0,5.456638007635644,4.8509287478502
0.549167,0.532833,0.730001,0.183454,1138.0,2213.0,4.8509287478502,5.584211330342941
0.616667,0.582079,0.697084,0.342667,847.0,3554.0,5.584211330342941,5.322935353473924
0.414167,0.40465,0.7370840000000001,0.328996,603.0,3848.0,5.322935353473924,4.786633441749617
0.459167,0.441917,0.44416799999999995,0.295392,255.0,2378.0,4.786633441749617,5.832591026517905
0.479167,0.474117,0.590001,0.228246,614.0,3819.0,5.832591026517905,5.350355718899833
0.52,0.512621,0.541251,0.16045,894.0,3714.0,5.350355718899833,5.33438123238951
0.528333,0.518933,0.631668,0.0746375,1612.0,3102.0,5.33438123238951,5.2273616895129935
0.5325,0.525246,0.588751,0.176,1401.0,2932.0,5.2273616895129935,5.318308876290826
0.5325,0.522721,0.489168,0.115671,664.0,3698.0,5.318308876290826,5.4079484061724115
0.5425,0.5284,0.632918,0.120642,694.0,4109.0,5.4079484061724115,5.173187229592915
0.535,0.523363,0.7475010000000001,0.189667,550.0,3632.0,5.173187229592915,5.4627098949265855
0.5125,0.4943,0.863334,0.179725,695.0,4169.0,5.4627098949265855,5.1419829495096865
0.520833,0.500629,0.922501,0.13495,692.0,3413.0,5.1419829495096865,5.125851601520535
0.5625,0.536,0.8670840000000001,0.152979,902.0,2507.0,5.125851601520535,5.60100571446604
0.5775,0.550512,0.787918,0.126871,1582.0,2971.0,5.60100571446604,5.171590842096889
0.561667,0.538529,0.837918,0.277354,773.0,3185.0,5.171590842096889,5.352480557813551
0.55,0.527158,0.870001,0.201492,678.0,3445.0,5.352480557813551,5.24442830455969
0.530833,0.510742,0.829584,0.108213,536.0,3319.0,5.24442830455969,5.482874042981353
0.536667,0.529042,0.719584,0.125013,735.0,3840.0,5.482874042981353,5.383730240971478
0.6025,0.571975,0.626668,0.12065,909.0,4008.0,5.383730240971478,5.477659377989213
0.604167,0.5745,0.749584,0.148008,2258.0,3547.0,5.477659377989213,5.09193418425686
0.631667,0.590296,0.8100010000000001,0.233842,1576.0,3084.0,5.09193418425686,5.225173060028562
0.66,0.604813,0.740834,0.207092,836.0,3438.0,5.225173060028562,5.361386231248402
0.660833,0.615542,0.6962510000000001,0.154233,659.0,3833.0,5.361386231248402,5.414368518338363
0.708333,0.654688,0.677501,0.199642,740.0,4238.0,5.414368518338363,5.24926702606751
0.681667,0.637008,0.6537510000000001,0.240679,758.0,3919.0,5.24926702606751,5.312065884409491
0.655833,0.612379,0.729584,0.230092,871.0,3808.0,5.312065884409491,5.328381351265848
0.6675,0.61555,0.818751,0.213938,2001.0,2757.0,5.328381351265848,5.317923727084122
0.733333,0.671092,0.6850010000000001,0.131225,2355.0,2433.0,5.317923727084122,5.156024613390142
0.775,0.725383,0.636668,0.111329,1549.0,2549.0,5.156024613390142,5.2829235070944565
0.764167,0.720967,0.677084,0.207092,673.0,3309.0,5.2829235070944565,5.309627289756782
0.715,0.643942,0.30500099999999997,0.292287,513.0,3461.0,5.309627289756782,5.534882551770713
0.62,0.587133,0.354168,0.253121,736.0,4232.0,5.534882551770713,5.378589418812116
0.635,0.594696,0.45625099999999996,0.123142,898.0,4414.0,5.378589418812116,5.317270053782797
0.648333,0.616804,0.652501,0.138692,1869.0,3473.0,5.317270053782797,5.226497182417689
0.678333,0.621858,0.600001,0.121896,1685.0,3221.0,5.226497182417689,5.235866981321153
0.7075,0.65595,0.5979180000000001,0.187808,673.0,3875.0,5.235866981321153,5.372418168243818
0.775833,0.727279,0.6220840000000001,0.136817,763.0,4070.0,5.372418168243818,5.218002746235167
0.808333,0.757579,0.568334,0.149883,676.0,3725.0,5.218002746235167,5.1946218928829735
0.755,0.703292,0.605001,0.140554,563.0,3352.0,5.1946218928829735,5.469831206262108
0.725,0.678038,0.654584,0.15485,815.0,3771.0,5.469831206262108,5.391244853919422
0.6925,0.643325,0.7479180000000001,0.163567,1729.0,3237.0,5.391244853919422,5.204172430215158
0.635,0.601654,0.49458399999999997,0.30535,1467.0,2993.0,5.204172430215158,5.429919518940827
0.604167,0.591546,0.507084,0.269283,863.0,4157.0,5.429919518940827,5.285605199122743
0.626667,0.587754,0.471668,0.167912,727.0,4164.0,5.285605199122743,5.369046625983333
0.628333,0.595346,0.688334,0.206471,769.0,4411.0,5.369046625983333,4.993112223707672
0.649167,0.600383,0.735834,0.143029,545.0,3222.0,4.993112223707672,5.563100248250103
0.696667,0.643954,0.6704180000000001,0.119408,863.0,3981.0,5.563100248250103,5.366856633053762
0.699167,0.645846,0.666668,0.102,1807.0,3312.0,5.366856633053762,5.235559905489139
0.635,0.595346,0.746251,0.155475,1639.0,3105.0,5.235559905489139,5.143548930892213
0.680833,0.637646,0.770418,0.171025,699.0,3311.0,5.143548930892213,5.49872823885594
0.733333,0.693829,0.707501,0.172262,774.0,4061.0,5.49872823885594,5.241388966072415
0.728333,0.693833,0.703334,0.238804,661.0,3846.0,5.241388966072415,5.372537018983475
0.724167,0.656583,0.573334,0.222025,746.0,4044.0,5.372537018983475,5.3527442303338075
0.695,0.643313,0.483334,0.209571,969.0,4022.0,5.3527442303338075,5.35304522780815
0.68,0.637629,0.5133340000000001,0.0945333,1782.0,3420.0,5.35304522780815,5.331244956308647
0.6825,0.637004,0.658334,0.107588,1920.0,3385.0,5.331244956308647,5.192251768601245
0.744167,0.692558,0.6341680000000001,0.144283,854.0,3854.0,5.192251768601245,5.2988121814207405
0.728333,0.654688,0.49791799999999997,0.261821,732.0,3916.0,5.2988121814207405,5.428656129570425
0.696667,0.637008,0.434168,0.185312,848.0,4377.0,5.428656129570425,5.365655206123752
0.7225,0.652162,0.39625099999999996,0.102608,1027.0,4488.0,5.365655206123752,5.283503738377463
0.738333,0.667308,0.444584,0.115062,1246.0,4116.0,5.283503738377463,5.265260418930839
0.716667,0.668575,0.682501,0.228858,2204.0,2915.0,5.265260418930839,5.215331386502162
0.726667,0.665417,0.637918,0.0814792,2282.0,2367.0,5.215331386502162,5.573886785940135
0.746667,0.696338,0.590418,0.126258,3065.0,2978.0,5.573886785940135,5.052825608189045
0.72,0.685633,0.743334,0.149883,1031.0,3634.0,5.052825608189045,5.303891379018988
0.75,0.686871,0.651251,0.1592,784.0,3845.0,5.303891379018988,5.303613148237292
0.709167,0.670483,0.757918,0.225129,754.0,3838.0,5.303613148237292,5.183567384224955
0.733333,0.664158,0.609168,0.167912,692.0,3348.0,5.183567384224955,5.589869967909425
0.7475,0.690025,0.578334,0.183471,1988.0,3348.0,5.589869967909425,5.222512159560847
0.7625,0.729804,0.635834,0.282337,1743.0,3138.0,5.222512159560847,5.133854730759581
0.794167,0.739275,0.559168,0.200254,723.0,3363.0,5.133854730759581,5.352871421345019
0.746667,0.689404,0.631668,0.146133,662.0,3596.0,5.352871421345019,5.331173856253973
0.680833,0.635104,0.476251,0.240667,748.0,3594.0,5.331173856253973,5.469401633140268
0.663333,0.624371,0.5912510000000001,0.182833,888.0,4196.0,5.469401633140268,5.397173422690723
0.686667,0.638263,0.585001,0.208342,1318.0,4220.0,5.397173422690723,5.378848003815219
0.719167,0.669833,0.604168,0.245033,2418.0,3505.0,5.378848003815219,5.200879381841166
0.746667,0.703925,0.651251,0.215804,2006.0,3296.0,5.200879381841166,5.138254478366004
0.776667,0.747479,0.650418,0.1306,841.0,3617.0,5.138254478366004,5.330085368421298
0.768333,0.74685,0.707084,0.113817,752.0,3789.0,5.330085368421298,5.26452042829209
0.815,0.826371,0.6912510000000001,0.222021,644.0,3688.0,5.26452042829209,5.176390673320049
0.848333,0.840896,0.580418,0.1331,632.0,3152.0,5.176390673320049,5.200801273915164
0.849167,0.804287,0.500001,0.131221,562.0,2825.0,5.200801273915164,5.2810604293701
0.83,0.794829,0.550834,0.169171,987.0,2298.0,5.2810604293701,5.404870824113712
0.743333,0.720958,0.757084,0.0908083,1050.0,2556.0,5.404870824113712,5.374511593087671
0.771667,0.696979,0.540834,0.200258,568.0,3272.0,5.374511593087671,5.49004600874198
0.775,0.690667,0.402918,0.183463,750.0,3840.0,5.49004600874198,5.325915037625843
0.779167,0.7399,0.583334,0.178479,755.0,3901.0,5.325915037625843,5.252810867927104
0.838333,0.785967,0.542501,0.174138,606.0,3784.0,5.252810867927104,5.1793427713486695
0.804167,0.728537,0.46583399999999997,0.168537,670.0,3176.0,5.1793427713486695,5.463111055829391
0.805833,0.729796,0.480834,0.164813,1559.0,2916.0,5.463111055829391,5.2722120303878794
0.771667,0.703292,0.550834,0.156717,1524.0,2778.0,5.2722120303878794,5.303234940472781
0.783333,0.707071,0.491251,0.20585,729.0,3537.0,5.303234940472781,5.438908976562732
0.731667,0.679937,0.657501,0.135583,801.0,4044.0,5.438908976562732,5.007376522663669
0.71,0.664788,0.757501,0.19715,467.0,3107.0,5.007376522663669,5.558778188609421
0.710833,0.656567,0.630834,0.184696,799.0,3777.0,5.558778188609421,5.373085341552994
0.716667,0.676154,0.755001,0.22825,1023.0,3843.0,5.373085341552994,5.1865848063644195
0.7425,0.715292,0.752918,0.201487,1521.0,2773.0,5.1865848063644195,5.185465538701984
0.765,0.703283,0.592084,0.192175,1298.0,2487.0,5.185465538701984,5.445235791910615
0.775,0.724121,0.570418,0.151121,846.0,3480.0,5.445235791910615,5.373486015351468
0.766667,0.684983,0.424168,0.200258,907.0,3695.0,5.373486015351468,5.349587906159351
0.7175,0.651521,0.423751,0.164796,884.0,3896.0,5.349587906159351,5.314145665578944
0.708333,0.654042,0.41500099999999995,0.125621,812.0,3980.0,5.314145665578944,5.334945583473339
0.685833,0.645858,0.729584,0.211454,1051.0,3854.0,5.334945583473339,5.144491592494442
0.676667,0.624388,0.817501,0.222633,1504.0,2646.0,5.144491592494442,5.228780439645036
0.665833,0.616167,0.712084,0.208954,1338.0,2482.0,5.228780439645036,5.438801341055361
0.700833,0.645837,0.578334,0.236329,775.0,3563.0,5.438801341055361,5.397092499810184
0.723333,0.666671,0.575418,0.143667,721.0,4004.0,5.397092499810184,5.305055887752286
0.711667,0.662258,0.654584,0.233208,668.0,4026.0,5.305055887752286,5.101669245153977
0.685,0.633221,0.7229180000000001,0.139308,639.0,3166.0,5.101669245153977,5.3991533246041294
0.6975,0.648996,0.674168,0.104467,797.0,3356.0,5.3991533246041294,5.534733743465636
0.710833,0.675525,0.770001,0.248754,1914.0,3277.0,5.534733743465636,5.018741394956684
0.691667,0.638254,0.47000099999999995,0.27675,1249.0,2624.0,5.018741394956684,5.517436362617311
0.640833,0.606067,0.455418,0.146763,833.0,3925.0,5.517436362617311,5.5259154733777285
0.673333,0.630692,0.605001,0.253108,1281.0,4614.0,5.5259154733777285,5.172639476462504
0.684167,0.645854,0.771668,0.210833,949.0,4181.0,5.172639476462504,4.9412242314471255
0.7,0.659733,0.761251,0.0839625,435.0,3107.0,4.9412242314471255,5.586176829299123
0.68,0.635556,0.850001,0.375617,768.0,3893.0,5.586176829299123,3.881262738790639
0.707059,0.647959,0.561766,0.304659,226.0,889.0,3.881262738790639,6.669274849471245
0.636667,0.607958,0.5545840000000001,0.159825,1415.0,2919.0,6.669274849471245,5.378567874165179
0.639167,0.594704,0.548334,0.125008,729.0,3905.0,5.378567874165179,5.427645485909236
0.656667,0.611121,0.5979180000000001,0.0833333,775.0,4429.0,5.427645485909236,5.283181938866675
0.655,0.614921,0.6391680000000001,0.141796,688.0,4370.0,5.283181938866675,5.3228446024249765
0.643333,0.604808,0.7270840000000001,0.139929,783.0,4332.0,5.3228446024249765,5.23275170367667
0.669167,0.633213,0.7166680000000001,0.185325,875.0,3852.0,5.23275170367667,5.258863104667975
0.709167,0.665429,0.7420840000000001,0.206467,1935.0,2549.0,5.258863104667975,5.40848817725908
0.673333,0.625646,0.7904180000000001,0.212696,2521.0,2419.0,5.40848817725908,4.923531828824502
0.54,0.5152,0.886958,0.343943,1236.0,2115.0,4.923531828824502,5.099328177405598
0.599167,0.544229,0.917084,0.0970208,204.0,2506.0,5.099328177405598,5.005834894266823
0.633913,0.555361,0.939566,0.192748,118.0,1878.0,5.005834894266823,5.231345111213003
0.65,0.578946,0.897918,0.124379,153.0,1689.0,5.231345111213003,5.96604244617888
0.66,0.607962,0.7537510000000001,0.153608,417.0,3127.0,5.96604244617888,5.722543863003334
0.653333,0.609229,0.713751,0.115054,1750.0,3595.0,5.722543863003334,5.25407265701102
0.644348,0.60213,0.692175,0.088913,1633.0,3413.0,5.25407265701102,5.243367148991887
0.650833,0.603554,0.712501,0.141804,690.0,4023.0,5.243367148991887,5.322191425146291
0.673333,0.6269,0.697084,0.1673,701.0,4062.0,5.322191425146291,5.316246654355354
0.5775,0.553671,0.709168,0.271146,647.0,4138.0,5.316246654355354,5.043342212401314
0.469167,0.461475,0.590418,0.164183,428.0,3231.0,5.043342212401314,5.5746961334754195
0.491667,0.478512,0.718334,0.189675,742.0,4018.0,5.5746961334754195,5.257909541452091
0.5075,0.490537,0.695001,0.178483,1434.0,3077.0,5.257909541452091,5.257669649739857
0.549167,0.529675,0.690001,0.151742,1353.0,2921.0,5.257669649739857,5.371794917846533
0.561667,0.532217,0.881251,0.134954,691.0,3848.0,5.371794917846533,5.0911899969881285
0.595,0.550533,0.900001,0.0964042,438.0,3203.0,5.0911899969881285,5.490015491629506
0.628333,0.554963,0.902084,0.128125,539.0,3813.0,5.490015491629506,5.408576550050921
0.609167,0.522125,0.9725010000000001,0.0783667,555.0,4240.0,5.408576550050921,4.617447873796637
0.606667,0.564412,0.8625010000000001,0.0783833,258.0,2137.0,4.617447873796637,6.128904288265206
0.634167,0.572637,0.845001,0.0503792,1776.0,3647.0,6.128904288265206,5.232425098507011
0.649167,0.589042,0.848334,0.1107,1544.0,3466.0,5.232425098507011,5.232759304270529
0.636667,0.574525,0.885418,0.118171,684.0,3946.0,5.232759304270529,5.194934646532453
0.635,0.575158,0.848751,0.148629,477.0,3643.0,5.194934646532453,5.25855500398066
0.616667,0.574512,0.699168,0.172883,480.0,3427.0,5.25855500398066,5.525576623007409
0.564167,0.544829,0.647501,0.206475,653.0,4186.0,5.525576623007409,5.383973430484439
0.41,0.412863,0.7537510000000001,0.292296,830.0,4372.0,5.383973430484439,4.550074834262736
0.356667,0.345317,0.791668,0.222013,480.0,1949.0,4.550074834262736,5.495057151349719
0.384167,0.392046,0.760834,0.0833458,616.0,2302.0,5.495057151349719,5.513305496960115
0.484167,0.472858,0.710001,0.205854,330.0,3240.0,5.513305496960115,5.5333242581025965
0.538333,0.527138,0.647918,0.17725,486.0,3970.0,5.5333242581025965,5.391404815847017
0.494167,0.480425,0.620834,0.134954,559.0,4267.0,5.391404815847017,5.298917921172486
0.510833,0.504404,0.684168,0.0223917,639.0,4126.0,5.298917921172486,5.356774217576796
0.521667,0.513242,0.7012510000000001,0.0454042,949.0,4036.0,5.356774217576796,5.3932691807446504
0.540833,0.523983,0.7275010000000001,0.06345,2235.0,3174.0,5.3932691807446504,5.330320213280969
0.570833,0.542925,0.733751,0.0423042,2397.0,3114.0,5.330320213280969,5.237460586191017
0.566667,0.546096,0.808751,0.143042,1514.0,3603.0,5.237460586191017,5.19705032339147
0.543333,0.517717,0.906251,0.24815,667.0,3896.0,5.19705032339147,4.675771329396465
0.589167,0.551804,0.896668,0.141787,217.0,2199.0,4.675771329396465,5.498708549173889
0.550833,0.529675,0.7162510000000001,0.223883,290.0,2623.0,5.498708549173889,5.535536852689575
0.506667,0.498725,0.483334,0.258083,529.0,3115.0,5.535536852689575,5.670478895911704
0.511667,0.503154,0.486668,0.281717,1899.0,3318.0,5.670478895911704,5.277320302329399
0.534167,0.510725,0.579584,0.175379,1748.0,3293.0,5.277320302329399,5.21354708107478
0.5325,0.522721,0.7016680000000001,0.110087,713.0,3857.0,5.21354708107478,5.349848623110469
0.541739,0.513848,0.8952180000000001,0.243339,637.0,4111.0,5.349848623110469,4.639333942728808
0.475833,0.466525,0.636251,0.422275,254.0,2170.0,4.639333942728808,5.860112622981262
0.4275,0.423596,0.574168,0.221396,471.0,3724.0,5.860112622981262,5.337289834209474
0.4225,0.425492,0.6291680000000001,0.0926667,676.0,3628.0,5.337289834209474,5.31256728770382
0.421667,0.422333,0.741251,0.0995125,1499.0,2809.0,5.31256728770382,5.328441600806779
0.463333,0.457067,0.772084,0.118792,1619.0,2762.0,5.328441600806779,5.266345829474406
0.471667,0.463375,0.6229180000000001,0.166658,699.0,3488.0,5.266345829474406,5.424446583172723
0.484167,0.472846,0.720418,0.148642,695.0,3992.0,5.424446583172723,5.126282539278601
0.47,0.457046,0.812918,0.197763,404.0,3490.0,5.126282539278601,4.930151556580035
0.330833,0.318812,0.5858340000000001,0.229479,240.0,2419.0,4.930151556580035,5.6546437588198275
0.254167,0.227913,0.882501,0.351371,456.0,3291.0,5.6546437588198275,3.523874093108395
0.319167,0.321329,0.623751,0.176617,57.0,570.0,3.523874093108395,6.98171964882992
0.34,0.356063,0.703334,0.10635,885.0,2446.0,6.98171964882992,5.408284937430763
0.400833,0.397088,0.683751,0.135571,362.0,3307.0,5.408284937430763,5.414870684082328
0.3775,0.390133,0.718751,0.0820917,410.0,3658.0,5.414870684082328,5.340232497106656
0.408333,0.405921,0.702084,0.136817,370.0,3816.0,5.340232497106656,5.259665871374978
0.403333,0.403392,0.6225010000000001,0.271779,318.0,3656.0,5.259665871374978,5.329593945885089
0.326667,0.323854,0.5191680000000001,0.189062,470.0,3576.0,5.329593945885089,5.281530708377876
0.348333,0.362358,0.734584,0.0920542,1156.0,2770.0,5.281530708377876,5.238470412869202
0.395,0.400871,0.7587510000000001,0.057225,952.0,2697.0,5.238470412869202,5.412191495536761
0.408333,0.412246,0.721668,0.0690375,373.0,3662.0,5.412191495536761,5.352906342972161
0.4,0.409079,0.7583340000000001,0.0621958,376.0,3829.0,5.352906342972161,5.288543747745522
0.38,0.373721,0.813334,0.189067,305.0,3804.0,5.288543747745522,4.974484451363201
0.324167,0.306817,0.44625099999999995,0.314675,190.0,2743.0,4.974484451363201,5.449931657653927
0.356667,0.357942,0.552918,0.212062,440.0,2928.0,5.449931657653927,5.500224881814169
0.440833,0.43055,0.45833399999999996,0.281721,1275.0,2792.0,5.500224881814169,5.221649615659188
0.53,0.524612,0.587084,0.306596,1004.0,2713.0,5.221649615659188,5.499682896052062
0.53,0.507579,0.688751,0.199633,595.0,3891.0,5.499682896052062,5.244570255090314
0.456667,0.451988,0.9300010000000001,0.136829,449.0,3746.0,5.244570255090314,4.4749318007640255
0.341667,0.323221,0.5758340000000001,0.305362,145.0,1672.0,4.4749318007640255,5.830576275607868
0.274167,0.272721,0.41000099999999995,0.168533,139.0,2914.0,5.830576275607868,5.4169333554460755
0.329167,0.324483,0.502084,0.224496,245.0,3147.0,5.4169333554460755,5.388501117136182
0.463333,0.457058,0.6845840000000001,0.18595,943.0,2720.0,5.388501117136182,5.271816857082489
0.4475,0.445062,0.9100010000000001,0.138054,787.0,2733.0,5.271816857082489,5.0702179966334535
0.416667,0.421696,0.962501,0.118792,220.0,2545.0,5.0702179966334535,4.768966803050238
0.440833,0.430537,0.757918,0.335825,69.0,1538.0,4.768966803050238,5.77961753070723
0.373333,0.372471,0.549168,0.167304,112.0,2454.0,5.77961753070723,4.771416291918365
0.375,0.380671,0.6437510000000001,0.0988958,560.0,935.0,4.771416291918365,5.9362703293266375
0.375833,0.385087,0.681668,0.0684208,1095.0,1697.0,5.9362703293266375,5.405906049874045
0.459167,0.4558,0.698334,0.208954,1249.0,1819.0,5.405906049874045,5.312615709222835
0.503478,0.490122,0.743044,0.142122,810.0,2261.0,5.312615709222835,5.542114122435636
0.458333,0.451375,0.8308340000000001,0.258092,253.0,3614.0,5.542114122435636,5.028686046417014
0.325,0.311221,0.613334,0.271158,96.0,2818.0,5.028686046417014,5.52665009566165
0.3125,0.305554,0.524584,0.220158,188.0,3425.0,5.52665009566165,5.3427035196007795
0.314167,0.331433,0.625834,0.100754,182.0,3545.0,5.3427035196007795,5.367215454081882
0.299167,0.310604,0.6129180000000001,0.0957833,268.0,3672.0,5.367215454081882,5.225272820129354
0.330833,0.3491,0.775834,0.0839583,706.0,2908.0,5.225272820129354,5.275291203311611
0.385833,0.393925,0.827084,0.0622083,634.0,2851.0,5.275291203311611,5.401061928948397
0.4625,0.4564,0.949584,0.232583,233.0,3578.0,5.401061928948397,4.92694781527169
0.41,0.400246,0.970418,0.266175,126.0,2468.0,4.92694781527169,4.00887978920504
0.265833,0.256938,0.580001,0.240058,50.0,655.0,4.00887978920504,6.861762838630131
0.290833,0.317542,0.6958340000000001,0.0827167,150.0,3172.0,6.861762838630131,5.397545365915739
0.275,0.266412,0.507501,0.233221,261.0,3359.0,5.397545365915739,5.185185242228234
0.220833,0.253154,0.49000099999999996,0.0665417,502.0,2688.0,5.185185242228234,5.160669646427873
0.238333,0.270196,0.670834,0.06345,377.0,2366.0,5.160669646427873,5.499534328702666
0.2825,0.301138,0.590001,0.14055,143.0,3167.0,5.499534328702666,5.37400306123929
0.3175,0.338362,0.663751,0.0609583,155.0,3368.0,5.37400306123929,5.3714110633365015
0.4225,0.412237,0.6341680000000001,0.268042,178.0,3562.0,5.3714110633365015,5.303315038350173
0.375,0.359825,0.500418,0.260575,181.0,3528.0,5.303315038350173,5.275400513038588
0.258333,0.249371,0.560834,0.243167,178.0,3399.0,5.275400513038588,5.044706781273221
0.238333,0.245579,0.5862510000000001,0.169779,275.0,2464.0,5.044706781273221,5.192348156322206
0.276667,0.280933,0.637501,0.172896,220.0,2211.0,5.192348156322206,5.647993051453943
0.385833,0.396454,0.595418,0.0615708,260.0,3143.0,5.647993051453943,5.408736795732712
0.428333,0.428017,0.858334,0.2214,216.0,3534.0,5.408736795732712,4.968208634080449
0.423333,0.426121,0.757501,0.047275,107.0,2553.0,4.968208634080449,5.454338111980563
0.373333,0.377513,0.686251,0.274246,227.0,2841.0,5.454338111980563,4.98315239220213
0.3025,0.299242,0.542501,0.190304,163.0,2046.0,4.98315239220213,4.530038366869515
0.274783,0.279961,0.681305,0.155091,155.0,856.0,4.530038366869515,5.018335500256645
0.321739,0.315535,0.506958,0.239465,303.0,451.0,5.018335500256645,5.869357685004485
0.325,0.327633,0.762501,0.18845,430.0,887.0,5.869357685004485,5.186424586937736
0.29913,0.279974,0.5039140000000001,0.293961,103.0,1059.0,5.186424586937736,5.995274003139133
0.248333,0.263892,0.574168,0.119412,255.0,2047.0,5.995274003139133,5.362866482803859
0.311667,0.318812,0.636668,0.134337,254.0,2169.0,5.362866482803859,5.524910809201645
0.41,0.414121,0.615834,0.220154,491.0,2508.0,5.524910809201645,5.12363211105088
0.37,0.375621,0.692501,0.192167,665.0,1820.0,5.12363211105088,5.231662710427747
0.273043,0.252304,0.38130499999999995,0.329665,686.0,1608.0,5.231662710427747,5.149683394202956
0.15,0.126275,0.44125099999999995,0.365671,244.0,1707.0,5.149683394202956,5.44798484492104
0.1075,0.119337,0.41458399999999995,0.1847,89.0,2147.0,5.44798484492104,5.368995512998067
0.265833,0.278412,0.5241680000000001,0.129987,95.0,2273.0,5.368995512998067,5.634994052987902
0.334167,0.340267,0.542084,0.167908,140.0,3132.0,5.634994052987902,5.536735982345369
0.393333,0.390779,0.531668,0.174758,307.0,3791.0,5.536735982345369,5.409872509764921
0.3375,0.340258,0.465001,0.191542,1070.0,3451.0,5.409872509764921,5.03400661467088
0.224167,0.247479,0.7016680000000001,0.0989,599.0,2826.0,5.03400661467088,4.9459552810553715
0.308696,0.318826,0.6465230000000001,0.187552,106.0,2270.0,4.9459552810553715,5.726598085297103
0.274167,0.282821,0.8475010000000001,0.131221,173.0,3425.0,5.726598085297103,4.80920799799323
0.3825,0.381938,0.802918,0.180967,92.0,2085.0,4.80920799799323,5.943945567581485
0.274167,0.249362,0.507501,0.378108,269.0,3828.0,5.943945567581485,5.068899620019747
0.18,0.183087,0.457501,0.187183,174.0,3040.0,5.068899620019747,5.057608888495261
0.166667,0.161625,0.419168,0.251258,333.0,2160.0,5.057608888495261,5.235831878019984
0.19,0.190663,0.522501,0.231358,284.0,2027.0,5.235831878019984,5.305997199403481
0.373043,0.364278,0.7160880000000001,0.34913,217.0,2081.0,5.305997199403481,5.556306625122656
0.303333,0.275254,0.44333399999999995,0.415429,127.0,2808.0,5.556306625122656,5.451622474722812
0.19,0.190038,0.49750099999999997,0.220158,109.0,3267.0,5.451622474722812,5.286442057350274
0.2175,0.220958,0.450001,0.20275,130.0,3162.0,5.286442057350274,5.2716640127778485
0.173333,0.174875,0.8312510000000001,0.222642,115.0,3048.0,5.2716640127778485,4.423250606476017
0.1625,0.16225,0.796251,0.199638,67.0,1234.0,4.423250606476017,5.730085695927273
0.218333,0.243058,0.911251,0.110708,196.0,1781.0,5.730085695927273,5.518771771184602
0.3425,0.349108,0.8358340000000001,0.123767,145.0,2287.0,5.518771771184602,5.890568293981453
0.294167,0.294821,0.6437510000000001,0.161071,439.0,3900.0,5.890568293981453,5.295608271693481
0.341667,0.35605,0.769584,0.0733958,467.0,3803.0,5.295608271693481,5.2648952707214525
0.425,0.415383,0.741251,0.342667,244.0,3831.0,5.2648952707214525,5.146879455518145
0.315833,0.326379,0.543334,0.210829,269.0,3187.0,5.146879455518145,5.463554393295001
0.2825,0.272721,0.311251,0.24005,775.0,3248.0,5.463554393295001,5.096109285626691
0.269167,0.262625,0.40083399999999997,0.215792,558.0,2685.0,5.096109285626691,5.422717912124713
0.39,0.381317,0.416668,0.261817,126.0,3498.0,5.422717912124713,5.530135362527374
0.469167,0.466538,0.507918,0.189067,324.0,4185.0,5.530135362527374,5.327043585505172
0.399167,0.398971,0.672918,0.187187,304.0,4275.0,5.327043585505172,5.114842597082402
0.313333,0.309346,0.526668,0.178496,190.0,3571.0,5.114842597082402,5.410302740851864
0.264167,0.272725,0.779584,0.121896,310.0,3841.0,5.410302740851864,4.929272258029732
0.265833,0.264521,0.687918,0.175996,384.0,2448.0,4.929272258029732,5.351442879193245
0.282609,0.296426,0.622175,0.1538,318.0,2629.0,5.351442879193245,5.561632298703235
0.354167,0.361104,0.496251,0.147379,206.0,3578.0,5.561632298703235,5.456763219889107
0.256667,0.266421,0.7229180000000001,0.133721,199.0,4176.0,5.456763219889107,4.866065279374397
0.265,0.261988,0.562084,0.194037,109.0,2693.0,4.866065279374397,5.6241697065469
0.280833,0.293558,0.5400010000000001,0.116929,163.0,3667.0,5.6241697065469,5.3118994137951185
0.224167,0.210867,0.731251,0.289796,227.0,3604.0,5.3118994137951185,4.742778717395386
0.1275,0.101658,0.464584,0.409212,192.0,1977.0,4.742778717395386,4.961986046371348
0.2225,0.227913,0.411251,0.167283,73.0,1456.0,4.961986046371348,6.117249599792237
0.319167,0.333946,0.5087510000000001,0.141179,94.0,3328.0,6.117249599792237,5.448014903573314
0.348333,0.351629,0.531251,0.1816,135.0,3787.0,5.448014903573314,5.372712822393665
0.316667,0.330162,0.752918,0.091425,141.0,4028.0,5.372712822393665,4.984239720357672
0.343333,0.351629,0.634584,0.205846,74.0,2931.0,4.984239720357672,5.635432508735911
0.346667,0.355425,0.5345840000000001,0.190929,349.0,3805.0,5.635432508735911,5.350358957907855
0.28,0.265788,0.515834,0.253112,1435.0,2883.0,5.350358957907855,4.838015396463273
0.28,0.273391,0.507827,0.229083,618.0,2071.0,4.838015396463273,5.463182438669179
0.287826,0.295113,0.594349,0.205717,502.0,2627.0,5.463182438669179,5.499854930312735
0.395833,0.392667,0.567918,0.234471,163.0,3614.0,5.499854930312735,5.5456833455626
0.454167,0.444446,0.5545840000000001,0.190913,394.0,4379.0,5.5456833455626,5.370424975368333
0.4075,0.410971,0.7375010000000001,0.237567,516.0,4546.0,5.370424975368333,4.938918456839743
0.290833,0.255675,0.39583399999999996,0.421642,246.0,3241.0,4.938918456839743,5.067630525284191
0.279167,0.268308,0.41000099999999995,0.205229,317.0,2415.0,5.067630525284191,5.527139302185532
0.366667,0.357954,0.490834,0.268033,515.0,2874.0,5.527139302185532,5.554821716728941
0.359167,0.353525,0.39583399999999996,0.193417,253.0,4069.0,5.554821716728941,5.3210799873259385
0.344348,0.34847,0.804784,0.179117,229.0,4134.0,5.3210799873259385,4.444977830961961
0.485833,0.475371,0.615418,0.226987,65.0,1769.0,4.444977830961961,6.312574887198315
0.353333,0.359842,0.657084,0.144904,325.0,4665.0,6.312574887198315,4.865476491298554
0.414167,0.413492,0.621251,0.161079,246.0,2948.0,4.865476491298554,5.553024016682495
0.325833,0.303021,0.40333399999999997,0.334571,956.0,3110.0,5.553024016682495,5.139495995611054
0.243333,0.241171,0.506251,0.228858,710.0,2713.0,5.139495995611054,5.284993791046715
0.258333,0.255042,0.45666799999999996,0.200875,203.0,3130.0,5.284993791046715,5.482998965704023
0.404167,0.3851,0.5133340000000001,0.345779,221.0,3735.0,5.482998965704023,5.5289001292124835
0.5275,0.524604,0.567501,0.441563,432.0,4484.0,5.5289001292124835,5.402203211870087
0.410833,0.397083,0.40708399999999995,0.4148,486.0,4896.0,5.402203211870087,5.147872661545581
0.2875,0.277767,0.35041799999999995,0.22575,447.0,4122.0,5.147872661545581,5.207711597293623
0.361739,0.35967,0.476958,0.222587,968.0,3150.0,5.207711597293623,5.487748329720671
0.466667,0.459592,0.489168,0.207713,1658.0,3253.0,5.487748329720671,5.38749015506193
0.565,0.542929,0.6175010000000001,0.23695,838.0,4460.0,5.38749015506193,5.410237669612816
0.5725,0.548617,0.507084,0.115062,762.0,5085.0,5.410237669612816,5.388162225619202
0.5575,0.532825,0.579584,0.149883,997.0,5315.0,5.388162225619202,5.292443904013013
0.435833,0.436229,0.842084,0.113192,1005.0,5187.0,5.292443904013013,4.9649722140824055
0.514167,0.505046,0.755834,0.110704,548.0,3830.0,4.9649722140824055,5.893774852250783
0.4725,0.464,0.8100010000000001,0.126883,3155.0,4681.0,5.893774852250783,5.026505349787251
0.545,0.532821,0.728751,0.162317,2207.0,3685.0,5.026505349787251,5.354982620427131
0.560833,0.538533,0.807918,0.121271,982.0,5171.0,5.354982620427131,5.301839154777164
0.531667,0.513258,0.8212510000000001,0.0895583,1051.0,5042.0,5.301839154777164,5.333874112802165
0.554167,0.531567,0.8312510000000001,0.117562,1122.0,5108.0,5.333874112802165,5.409571674518738
0.601667,0.570067,0.694168,0.1163,1334.0,5537.0,5.409571674518738,5.508026328154595
0.5025,0.486733,0.885418,0.192783,2469.0,5893.0,5.508026328154595,4.403446758474396
0.4375,0.437488,0.880834,0.220775,1033.0,2339.0,4.403446758474396,5.704769903392884
0.445833,0.43875,0.47791799999999995,0.386821,1532.0,3464.0,5.704769903392884,5.418239090326142
0.323333,0.315654,0.29000099999999995,0.187192,795.0,4763.0,5.418239090326142,5.226032639668468
0.484167,0.47095,0.481251,0.291671,531.0,4571.0,5.226032639668468,5.422120967625257
0.494167,0.482304,0.43916799999999995,0.31965,674.0,5024.0,5.422120967625257,5.385207141837291
0.37,0.375621,0.5808340000000001,0.138067,834.0,5299.0,5.385207141837291,5.195219947424936
0.424167,0.421708,0.738334,0.250617,796.0,4663.0,5.195219947424936,5.444551307601539
0.425833,0.417287,0.676251,0.172267,2301.0,3934.0,5.444551307601539,5.280029333293766
0.433913,0.427513,0.504349,0.312139,2347.0,3694.0,5.280029333293766,5.294104295977635
0.466667,0.461483,0.39666799999999997,0.100133,1208.0,4728.0,5.294104295977635,5.44339930967497
0.541667,0.53345,0.46958399999999995,0.180975,1348.0,5424.0,5.44339930967497,5.26074911612841
0.435,0.431163,0.374168,0.219529,1058.0,5378.0,5.26074911612841,5.314895935783354
0.403333,0.390767,0.377084,0.300388,1192.0,5265.0,5.314895935783354,5.312102855419341
0.4375,0.426129,0.25416799999999995,0.274871,1807.0,4653.0,5.312102855419341,5.371279061776877
0.5,0.492425,0.27583399999999997,0.232596,3252.0,3605.0,5.371279061776877,5.029047569180835
0.489167,0.476638,0.317501,0.358196,2230.0,2939.0,5.029047569180835,5.3890435375764225
0.446667,0.436233,0.43500099999999997,0.249375,905.0,4680.0,5.3890435375764225,5.369552472726014
0.348696,0.337274,0.469566,0.295274,819.0,5099.0,5.369552472726014,5.115089673185076
0.3975,0.387604,0.46625099999999997,0.290429,482.0,4380.0,5.115089673185076,5.418252708264519
0.4425,0.431808,0.408334,0.155471,663.0,4746.0,5.418252708264519,5.479559559907197
0.495,0.487996,0.502918,0.190917,1252.0,5146.0,5.479559559907197,5.465208323957504
0.606667,0.573875,0.507918,0.225129,2795.0,4665.0,5.465208323957504,5.266674637054385
0.664167,0.614925,0.5616680000000001,0.284829,2846.0,4286.0,5.266674637054385,5.198646120852337
0.608333,0.598487,0.390418,0.273629,1198.0,5172.0,5.198646120852337,5.360802221485769
0.463333,0.457038,0.569168,0.167912,989.0,5702.0,5.360802221485769,4.884951285971906
0.498333,0.493046,0.6125010000000001,0.0659292,347.0,4020.0,4.884951285971906,5.719314584520496
0.526667,0.515775,0.694584,0.149871,846.0,5719.0,5.719314584520496,5.4163893895349675
0.57,0.542921,0.682918,0.283587,1340.0,5950.0,5.4163893895349675,5.215834222331552
0.396667,0.389504,0.835418,0.344546,2541.0,4083.0,5.215834222331552,3.4475808651326236
0.321667,0.301125,0.766668,0.303496,120.0,907.0,3.4475808651326236,6.452512687638061
0.413333,0.405283,0.45416799999999996,0.249383,195.0,3019.0,6.452512687638061,5.872764243866416
0.476667,0.470317,0.42791799999999997,0.118792,518.0,5115.0,5.872764243866416,5.406900113911207
0.498333,0.483583,0.756668,0.176625,655.0,5541.0,5.406900113911207,5.10235886783594
0.4575,0.452637,0.40083399999999997,0.347633,475.0,4551.0,5.10235886783594,5.526871669974473
0.376667,0.377504,0.48958399999999996,0.129975,1014.0,5219.0,5.526871669974473,4.921615721490368
0.458333,0.450121,0.587084,0.116908,1120.0,3100.0,4.921615721490368,5.712987575776817
0.464167,0.457696,0.570001,0.171638,2229.0,4075.0,5.712987575776817,5.188208054631143
0.613333,0.577021,0.6595840000000001,0.156096,665.0,4907.0,5.188208054631143,5.341343505683077
0.564167,0.537896,0.797084,0.138058,653.0,5087.0,5.341343505683077,5.3837158911651875
0.56,0.537242,0.7683340000000001,0.133696,667.0,5502.0,5.3837158911651875,5.3516754698535705
0.6275,0.590917,0.735418,0.162938,764.0,5657.0,5.3516754698535705,5.291978993572351
0.621667,0.584608,0.756668,0.152992,1069.0,5227.0,5.291978993572351,5.400778443570286
0.5625,0.546737,0.740001,0.149879,2496.0,4387.0,5.400778443570286,5.232454880138204
0.5375,0.527142,0.664168,0.230721,2135.0,4224.0,5.232454880138204,5.298021928098497
0.581667,0.557471,0.685834,0.296029,1008.0,5265.0,5.298021928098497,5.2207500718128985
0.575,0.553025,0.744168,0.216412,738.0,4990.0,5.2207500718128985,5.117444925912941
0.505833,0.491783,0.552084,0.314063,620.0,4097.0,5.117444925912941,5.643283547142057
0.533333,0.520833,0.36041799999999996,0.236937,1026.0,5546.0,5.643283547142057,5.379006856916713
0.564167,0.544817,0.48041799999999996,0.123133,1319.0,5711.0,5.379006856916713,5.366842905616257
0.6125,0.585238,0.5762510000000001,0.225117,2622.0,4807.0,5.366842905616257,5.1174823368282025
0.573333,0.5499,0.7895840000000001,0.212692,2172.0,3946.0,5.1174823368282025,4.545262938209312
0.611667,0.576404,0.7945840000000001,0.147392,342.0,2501.0,4.545262938209312,5.898955918003887
0.636667,0.595975,0.697918,0.122512,625.0,4490.0,5.898955918003887,5.68417894734947
0.593333,0.572613,0.520001,0.229475,991.0,6433.0,5.68417894734947,5.306235852985814
0.564167,0.551121,0.5233340000000001,0.136817,1242.0,6142.0,5.306235852985814,5.3455895586278315
0.6,0.566908,0.45625099999999996,0.083975,1521.0,6118.0,5.3455895586278315,5.393904008534128
0.620833,0.583967,0.5304180000000001,0.254367,3410.0,4884.0,5.393904008534128,5.160276961580462
0.598333,0.565667,0.811251,0.233204,2704.0,4425.0,5.160276961580462,4.819710052389925
0.615,0.580825,0.765834,0.118167,630.0,3729.0,4.819710052389925,5.643248394928343
0.621667,0.584612,0.774584,0.102,819.0,5254.0,5.643248394928343,5.167916661103342
0.655,0.6067,0.7166680000000001,0.172896,766.0,4494.0,5.167916661103342,5.564008411443726
0.68,0.627529,0.7470840000000001,0.14055,1059.0,5711.0,5.564008411443726,5.306306585083859
0.6925,0.642696,0.7325010000000001,0.198992,1417.0,5317.0,5.306306585083859,5.28179438808798
0.69,0.641425,0.697084,0.215171,2855.0,3681.0,5.28179438808798,5.320018075782042
0.7125,0.6793,0.676251,0.196521,3283.0,3308.0,5.320018075782042,5.224833846578
0.7225,0.672992,0.6845840000000001,0.2954,2557.0,3486.0,5.224833846578,5.260719495771899
0.656667,0.611129,0.6700010000000001,0.134329,880.0,4863.0,5.260719495771899,5.488634942401279
0.68,0.631329,0.49291799999999997,0.195279,745.0,6110.0,5.488634942401279,5.379726364187973
0.654167,0.607962,0.755418,0.237563,1100.0,6238.0,5.379726364187973,4.736122776106515
0.583333,0.566288,0.549168,0.186562,533.0,3594.0,4.736122776106515,5.9884177546723025
0.6025,0.575133,0.493334,0.184087,2795.0,5325.0,5.9884177546723025,5.250836681761004
0.5975,0.578283,0.48708399999999996,0.284833,2494.0,5147.0,5.250836681761004,5.223734260549228
0.540833,0.525892,0.613334,0.209575,1071.0,5927.0,5.223734260549228,5.312066953318724
0.554167,0.542292,0.611251,0.077125,968.0,6033.0,5.312066953318724,5.319321940578878
0.6025,0.569442,0.567084,0.15735,1027.0,6028.0,5.319321940578878,5.372004466335878
0.649167,0.597862,0.467918,0.175383,1038.0,6456.0,5.372004466335878,5.343420409048659
0.710833,0.648367,0.437084,0.144287,1488.0,6248.0,5.343420409048659,5.280389911431887
0.726667,0.663517,0.538334,0.133721,2708.0,4790.0,5.280389911431887,5.1837686057618315
0.720833,0.659721,0.587918,0.207713,2224.0,4374.0,5.1837686057618315,5.321591683327312
0.653333,0.597875,0.833334,0.214546,1017.0,5647.0,5.321591683327312,5.018740620053085
0.655833,0.611117,0.582084,0.343279,477.0,4495.0,5.018740620053085,5.7121299966086925
0.648333,0.624383,0.569584,0.253733,1173.0,6248.0,5.7121299966086925,5.303791990667743
0.639167,0.599754,0.589584,0.176617,1180.0,6183.0,5.303791990667743,5.3518354052063595
0.631667,0.594708,0.5041680000000001,0.166667,1563.0,6102.0,5.3518354052063595,5.316453874338101
0.5925,0.571975,0.598751,0.144904,2963.0,4739.0,5.316453874338101,5.212920658641026
0.568333,0.544842,0.777918,0.174746,2634.0,4344.0,5.212920658641026,4.997920450577596
0.688333,0.654692,0.690001,0.148017,653.0,4446.0,4.997920450577596,5.603186250267165
0.7825,0.720975,0.592084,0.113812,968.0,5857.0,5.603186250267165,5.217367923775304
0.805833,0.752542,0.567918,0.118787,872.0,5339.0,5.217367923775304,5.26111588734132
0.7775,0.724121,0.573751,0.182842,778.0,5127.0,5.26111588734132,5.297654494474819
0.731667,0.652792,0.5345840000000001,0.179721,964.0,4859.0,5.297654494474819,5.559110040170807
0.743333,0.674254,0.479168,0.145525,2657.0,4801.0,5.559110040170807,5.2325672818876034
0.715833,0.654042,0.5041680000000001,0.300383,2551.0,4340.0,5.2325672818876034,5.295251737342917
0.630833,0.594704,0.373334,0.347642,1139.0,5640.0,5.295251737342917,5.404948382744764
0.6975,0.640792,0.36000099999999996,0.271775,1077.0,6365.0,5.404948382744764,5.2971561329396755
0.749167,0.675512,0.42250099999999996,0.17165,1077.0,6258.0,5.2971561329396755,5.247454232218092
0.834167,0.786613,0.488751,0.165417,921.0,5958.0,5.247454232218092,5.081163148138864
0.765,0.687508,0.601251,0.161071,829.0,4634.0,5.081163148138864,5.351823130180242
0.815833,0.750629,0.5187510000000001,0.168529,1455.0,4232.0,5.351823130180242,5.283824113957039
0.781667,0.702038,0.447084,0.195267,1421.0,4110.0,5.283824113957039,5.430164396146934
0.780833,0.70265,0.49208399999999997,0.126237,904.0,5323.0,5.430164396146934,5.378863159931144
0.789167,0.732337,0.538751,0.13495,1052.0,5608.0,5.378863159931144,5.417404190177824
0.8275,0.761367,0.457918,0.194029,2562.0,4841.0,5.417404190177824,5.140893453760106
0.828333,0.752533,0.45083399999999996,0.146142,1405.0,4836.0,5.140893453760106,5.30617561274877
0.861667,0.804913,0.49208399999999997,0.163554,1366.0,4841.0,5.30617561274877,5.062875384566186
0.8225,0.790396,0.573751,0.125629,1448.0,3392.0,5.062875384566186,5.276310876066547
0.710833,0.654054,0.683334,0.180975,1203.0,3469.0,5.276310876066547,5.65241271965357
0.720833,0.664796,0.667501,0.151737,998.0,5571.0,5.65241271965357,5.2682378080711745
0.716667,0.650271,0.6333340000000001,0.151733,954.0,5336.0,5.2682378080711745,5.455607921855804
0.715833,0.654683,0.529584,0.146775,975.0,6289.0,5.455607921855804,5.336384685420694
0.731667,0.667933,0.485834,0.08085,1032.0,6414.0,5.336384685420694,5.318731054137888
0.703333,0.666042,0.699168,0.143679,1511.0,5988.0,5.318731054137888,5.238340415406291
0.745833,0.705196,0.7179180000000001,0.166667,2355.0,4614.0,5.238340415406291,5.1670794432816285
0.763333,0.724125,0.645001,0.164187,1920.0,4111.0,5.1670794432816285,5.43605019038301
0.818333,0.755683,0.505834,0.114429,1088.0,5742.0,5.43605019038301,5.305175344048501
0.793333,0.745583,0.577084,0.137442,921.0,5865.0,5.305175344048501,5.139520964649447
0.77,0.714642,0.600418,0.165429,799.0,4914.0,5.139520964649447,5.454599153597418
0.665833,0.613025,0.844168,0.208967,888.0,5703.0,5.454599153597418,5.195787903038583
0.595833,0.549912,0.865418,0.2133,747.0,5123.0,5.195787903038583,5.036708243074496
0.6675,0.623125,0.762501,0.0939208,1264.0,3195.0,5.036708243074496,5.8195442649318165
0.741667,0.690017,0.694168,0.138683,2544.0,4866.0,5.8195442649318165,5.249849083904976
0.750833,0.70645,0.655001,0.211454,1135.0,5831.0,5.249849083904976,5.397692240632977
0.724167,0.654054,0.450001,0.1648,1140.0,6452.0,5.397692240632977,5.385379328495527
0.776667,0.739263,0.596668,0.284813,1383.0,6790.0,5.385379328495527,5.1366555164439225
0.781667,0.734217,0.594584,0.152992,1036.0,5825.0,5.1366555164439225,5.317886101341533
0.755833,0.697604,0.613334,0.15735,1259.0,5645.0,5.317886101341533,5.27940360804194
0.721667,0.667933,0.623751,0.170396,2234.0,4451.0,5.27940360804194,5.298387140955989
0.730833,0.684987,0.668751,0.153617,2153.0,4444.0,5.298387140955989,5.3858221125774906
0.713333,0.662896,0.704168,0.165425,1040.0,6065.0,5.3858221125774906,5.327140372480419
0.7175,0.667308,0.677501,0.141179,968.0,6248.0,5.327140372480419,5.360850768163119
0.7525,0.707088,0.6595840000000001,0.129354,1074.0,6506.0,5.360850768163119,5.26864271201299
0.765833,0.722867,0.642501,0.215792,983.0,6278.0,5.26864271201299,5.299723552516736
0.793333,0.751267,0.613334,0.257458,1328.0,5847.0,5.299723552516736,5.261481399812854
0.769167,0.731079,0.652501,0.290421,2345.0,4479.0,5.261481399812854,5.089373663348272
0.7525,0.710246,0.6541680000000001,0.129354,1707.0,3757.0,5.089373663348272,5.561222798555446
0.735833,0.697621,0.703751,0.116908,1233.0,5780.0,5.561222798555446,5.34804164288679
0.75,0.707717,0.672918,0.1107,1278.0,5995.0,5.34804164288679,5.346895599366607
0.755833,0.699508,0.620418,0.1561,1263.0,6271.0,5.346895599366607,5.278166940585684
0.715833,0.667942,0.7158340000000001,0.238813,1196.0,6090.0,5.278166940585684,5.0811248592367315
0.6925,0.638267,0.7329180000000001,0.206479,1065.0,4721.0,5.0811248592367315,5.39658803535501
0.700833,0.644579,0.5304180000000001,0.122512,2247.0,4052.0,5.39658803535501,5.349796059929814
0.720833,0.662254,0.5454180000000001,0.136212,2182.0,4362.0,5.349796059929814,5.362144355384943
0.726667,0.676779,0.6866680000000001,0.169158,1207.0,5676.0,5.362144355384943,5.297150646342534
0.706667,0.654037,0.619584,0.169771,1128.0,5656.0,5.297150646342534,5.391363519417699
0.719167,0.654688,0.5191680000000001,0.141796,1198.0,6149.0,5.391363519417699,5.346152210342278
0.723333,0.2424,0.5708340000000001,0.231354,1338.0,6267.0,5.346152210342278,5.249665022855086
0.678333,0.618071,0.603334,0.177867,1483.0,5665.0,5.249665022855086,5.40722829048222
0.635833,0.603554,0.7116680000000001,0.08645,2827.0,5038.0,5.40722829048222,4.764123243346785
0.635833,0.595967,0.734168,0.129979,1208.0,3341.0,4.764123243346785,5.673137865969633
0.649167,0.601025,0.673751,0.0727708,1026.0,5504.0,5.673137865969633,5.381998332756116
0.6675,0.621854,0.677084,0.0702833,1081.0,5925.0,5.381998332756116,5.36296732871975
0.695833,0.637008,0.635834,0.0845958,1094.0,6281.0,5.36296732871975,5.363168905643927
0.7025,0.6471,0.615001,0.0721458,1363.0,6402.0,5.363168905643927,5.287788911762653
0.661667,0.618696,0.712918,0.244408,1325.0,6257.0,5.287788911762653,5.086415351084569
0.653333,0.595996,0.845834,0.228858,1829.0,4224.0,5.086415351084569,5.170264338688525
0.703333,0.654688,0.730418,0.128733,1483.0,3772.0,5.170264338688525,5.586440496558693
0.728333,0.66605,0.620001,0.190925,989.0,5928.0,5.586440496558693,5.329264371820664
0.685,0.635733,0.552084,0.112562,935.0,6105.0,5.329264371820664,5.4008608236513895
0.706667,0.652779,0.590418,0.0771167,1177.0,6520.0,5.4008608236513895,5.313714925668843
0.764167,0.6894,0.587501,0.168533,1172.0,6541.0,5.313714925668843,5.263431447542044
0.753333,0.702654,0.6383340000000001,0.113187,1433.0,5917.0,5.263431447542044,5.131762780203467
0.696667,0.649,0.815001,0.0640708,2352.0,3788.0,5.131762780203467,5.256394179973928
0.7075,0.661629,0.790834,0.151121,2613.0,3197.0,5.256394179973928,5.349467921142211
0.725833,0.686888,0.755001,0.236321,1965.0,4069.0,5.349467921142211,5.440518572717951
0.736667,0.708983,0.741251,0.187808,867.0,5997.0,5.440518572717951,5.347131487295104
0.696667,0.655329,0.8104180000000001,0.142421,832.0,6280.0,5.347131487295104,5.174887899048538
0.703333,0.657204,0.736251,0.171646,611.0,5592.0,5.174887899048538,5.502041516982103
0.659167,0.611121,0.799168,0.281104,1045.0,6459.0,5.502041516982103,5.0839535873957535
0.61,0.578925,0.547501,0.224496,1557.0,4419.0,5.0839535873957535,5.631308331625438
0.583333,0.565654,0.5037510000000001,0.258713,2570.0,5657.0,5.631308331625438,5.222447733717307
0.5775,0.554292,0.520001,0.0920542,1118.0,6407.0,5.222447733717307,5.343291530071732
0.599167,0.570075,0.577084,0.131846,1070.0,6697.0,5.343291530071732,5.324812424260961
0.6125,0.579558,0.637084,0.0827208,1050.0,6820.0,5.324812424260961,5.303216711600714
0.633333,0.594083,0.672501,0.103863,1054.0,6750.0,5.303216711600714,5.337567837849842
0.608333,0.585867,0.501668,0.247521,1379.0,6630.0,5.337567837849842,5.396003369622865
0.58,0.563125,0.570001,0.0901833,3160.0,5554.0,5.396003369622865,5.139092132685573
0.580833,0.55305,0.734584,0.151742,2166.0,5167.0,5.139092132685573,5.246272177389243
0.623333,0.565067,0.8725010000000001,0.357587,1022.0,5847.0,5.246272177389243,4.788999644703691
0.5525,0.540404,0.536668,0.215175,371.0,3702.0,4.788999644703691,5.9342218576375165
0.546667,0.532192,0.618334,0.118167,788.0,6803.0,5.9342218576375165,5.328489380271214
0.599167,0.571971,0.668751,0.154229,939.0,6781.0,5.328489380271214,5.367925631608615
0.65,0.610488,0.646668,0.283583,1250.0,6917.0,5.367925631608615,5.339172997422527
0.529167,0.518933,0.467084,0.223258,2512.0,5883.0,5.339172997422527,5.251750503828446
0.514167,0.502513,0.49291799999999997,0.142404,2454.0,5453.0,5.251750503828446,5.2502229780395675
0.55,0.544179,0.570001,0.236321,1001.0,6435.0,5.2502229780395675,5.325262176254907
0.635,0.596613,0.630834,0.2444,845.0,6693.0,5.325262176254907,5.337178342051115
0.65,0.607975,0.6908340000000001,0.134342,787.0,6946.0,5.337178342051115,5.266675072217226
0.619167,0.585863,0.690001,0.164179,751.0,6642.0,5.266675072217226,5.314609720284094
0.5425,0.530296,0.542918,0.227604,1045.0,6370.0,5.314609720284094,5.454649283023421
0.526667,0.517663,0.583334,0.134958,2589.0,5966.0,5.454649283023421,5.095048380536064
0.520833,0.512,0.6491680000000001,0.0908042,2015.0,4874.0,5.095048380536064,5.2953944878429615
0.590833,0.542333,0.871668,0.104475,763.0,6015.0,5.2953944878429615,4.932455103853907
0.6575,0.599133,0.793751,0.0665458,315.0,4324.0,4.932455103853907,5.801596758846631
0.6575,0.607975,0.7229180000000001,0.117546,728.0,6844.0,5.801596758846631,5.278883745293913
0.615,0.580187,0.627501,0.10635,891.0,6437.0,5.278883745293913,5.41868957660954
0.554167,0.538521,0.664168,0.268025,1516.0,6640.0,5.41868957660954,5.2879414419189645
0.415833,0.419813,0.708334,0.141162,3031.0,4934.0,5.2879414419189645,4.492197445384924
0.383333,0.387608,0.709584,0.189679,781.0,2729.0,4.492197445384924,5.756762384632272
0.446667,0.438112,0.761668,0.1903,874.0,4604.0,5.756762384632272,5.465945488892248
0.514167,0.503142,0.630834,0.187821,601.0,5791.0,5.465945488892248,5.4966419568801035
0.435,0.431167,0.46333399999999997,0.181596,780.0,6911.0,5.4966419568801035,5.2957806046436025
0.4375,0.433071,0.539168,0.235092,834.0,6736.0,5.2957806046436025,5.272850833573044
0.393333,0.391396,0.49458399999999997,0.146142,1060.0,6222.0,5.272850833573044,5.287594388463265
0.521667,0.508204,0.640418,0.278612,2252.0,4857.0,5.287594388463265,5.243238114058838
0.561667,0.53915,0.707501,0.296037,2080.0,4559.0,5.243238114058838,5.189383061562361
0.468333,0.460846,0.558334,0.182221,760.0,5115.0,5.189383061562361,5.560358400508787
0.455833,0.450108,0.692918,0.101371,922.0,6612.0,5.560358400508787,5.301901695488689
0.5225,0.512625,0.728334,0.236937,979.0,6482.0,5.301901695488689,5.318051198897531
0.563333,0.537896,0.815001,0.134954,1008.0,6501.0,5.318051198897531,4.986369600789508
0.484167,0.472842,0.572918,0.117537,753.0,4671.0,4.986369600789508,5.711433531701467
0.464167,0.456429,0.510001,0.166054,2806.0,5284.0,5.711433531701467,5.141455430388137
0.4875,0.482942,0.568334,0.0814833,2132.0,4692.0,5.141455430388137,5.345354266332861
0.544167,0.530304,0.641668,0.0945458,830.0,6228.0,5.345354266332861,5.367836006508475
0.5875,0.558721,0.636251,0.0727792,841.0,6625.0,5.367836006508475,5.341589795253566
0.55,0.529688,0.8004180000000001,0.124375,795.0,6898.0,5.341589795253566,5.267251580736825
0.545833,0.52275,0.807084,0.132467,875.0,6484.0,5.267251580736825,5.323122636104704
0.53,0.515133,0.720001,0.235692,1182.0,6262.0,5.323122636104704,5.364998288903371
0.4775,0.467771,0.694584,0.398008,2643.0,5209.0,5.364998288903371,4.745794600500285
0.44,0.4394,0.880001,0.3582,998.0,3461.0,4.745794600500285,1.000000000139778e-06
0.318182,0.309909,0.8254560000000001,0.213009,2.0,20.0,1.000000000139778e-06,9.220018365418806
0.3575,0.3611,0.666668,0.166667,87.0,1009.0,9.220018365418806,6.936647825847036
0.365833,0.369942,0.5816680000000001,0.157346,419.0,5147.0,6.936647825847036,5.384385097595968
0.355,0.356042,0.522084,0.266175,466.0,5520.0,5.384385097595968,5.288143651032187
0.343333,0.323846,0.491251,0.270529,618.0,5229.0,5.288143651032187,5.18237354076332
0.325833,0.329538,0.532918,0.179108,1029.0,4109.0,5.18237354076332,5.3055866002469765
0.319167,0.308075,0.494168,0.236325,1201.0,3906.0,5.3055866002469765,5.34096709821086
0.280833,0.281567,0.567084,0.173513,378.0,4881.0,5.34096709821086,5.389704469890762
0.295833,0.274621,0.547501,0.304108,466.0,5220.0,5.389704469890762,5.190044864210878
0.352174,0.341891,0.33347899999999997,0.347835,326.0,4709.0,5.190044864210878,5.365757836892548
0.361667,0.355413,0.540834,0.214558,340.0,4975.0,5.365757836892548,5.431530585690166
0.389167,0.393937,0.645418,0.0578458,709.0,5283.0,5.431530585690166,5.398538462611945
0.420833,0.421713,0.659168,0.1275,2090.0,4446.0,5.398538462611945,5.358853574173334
0.485,0.475383,0.741668,0.173517,2290.0,4562.0,5.358853574173334,5.222714623099118
0.343333,0.323225,0.662918,0.342046,1097.0,5172.0,5.222714623099118,4.885543986216427
0.289167,0.281563,0.552084,0.199625,327.0,3767.0,4.885543986216427,5.605954451885649
0.321667,0.324492,0.620418,0.152987,373.0,5122.0,5.605954451885649,5.302497519798499
0.345,0.347204,0.524584,0.171025,320.0,5125.0,5.302497519798499,5.357055830959953
0.325,0.326383,0.5454180000000001,0.179729,484.0,5214.0,5.357055830959953,5.299454921675333
0.3425,0.337746,0.692918,0.227612,1313.0,4316.0,5.299454921675333,5.1246514607760725
0.380833,0.375621,0.623334,0.235067,922.0,3747.0,5.1246514607760725,5.475259692806037
0.374167,0.380667,0.6850010000000001,0.082725,449.0,5050.0,5.475259692806037,5.335891763197664
0.353333,0.364892,0.613751,0.103246,534.0,5100.0,5.335891763197664,5.221038395674532
0.34,0.350371,0.580418,0.0528708,615.0,4531.0,5.221038395674532,4.5592501617990555
0.368333,0.378779,0.568751,0.148021,955.0,1470.0,4.5592501617990555,5.789344200876989
0.278333,0.248742,0.404584,0.376871,1603.0,2307.0,5.789344200876989,4.7709597643534885
0.245833,0.257583,0.468334,0.1505,532.0,1745.0,4.7709597643534885,5.374198632394626
0.313333,0.339004,0.5354180000000001,0.04665,309.0,2115.0,5.374198632394626,6.05290754890272
0.291667,0.281558,0.786668,0.237562,337.0,4750.0,6.05290754890272,5.060941553552527
0.296667,0.289762,0.506251,0.210821,123.0,3836.0,5.060941553552527,5.595777909894786
0.28087,0.298422,0.5556530000000001,0.115522,198.0,5062.0,5.595777909894786,5.323544378710163
0.298333,0.323867,0.649584,0.0584708,243.0,5080.0,5.323544378710163,5.374437618906973
0.298333,0.316904,0.806668,0.0597042,362.0,5306.0,5.374437618906973,5.22372838628582
0.3475,0.359208,0.823334,0.124379,951.0,4240.0,5.22372838628582,5.201364137132516
0.4525,0.455796,0.767501,0.0827208,892.0,3757.0,5.201364137132516,5.605004389905859
0.475833,0.469054,0.733751,0.174129,555.0,5679.0,5.605004389905859,5.369598496892613
0.438333,0.428012,0.48500099999999996,0.324021,551.0,6055.0,5.369598496892613,5.169201019727004
0.255833,0.258204,0.5087510000000001,0.174754,331.0,5398.0,5.169201019727004,5.2478559298564464
0.320833,0.321958,0.7641680000000001,0.1306,340.0,5035.0,5.2478559298564464,5.24091641105323
0.381667,0.389508,0.911251,0.101379,349.0,4659.0,5.24091641105323,5.420148852585494
0.384167,0.390146,0.9054180000000001,0.157975,1153.0,4429.0,5.420148852585494,4.763953966562734
0.435833,0.435575,0.9250010000000001,0.190308,441.0,2787.0,4.763953966562734,5.782648289381796
0.353333,0.338363,0.596668,0.296037,329.0,4841.0,5.782648289381796,5.3736955566421445
0.2975,0.297338,0.538334,0.162937,282.0,5219.0,5.3736955566421445,5.277993773136019
0.295833,0.294188,0.485834,0.174129,310.0,5009.0,5.277993773136019,5.350902449311493
0.281667,0.294192,0.642918,0.131229,425.0,5107.0,5.350902449311493,5.325817894235484
0.324167,0.338383,0.650418,0.10635,429.0,5182.0,5.325817894235484,5.205703401858451
0.3625,0.369938,0.838751,0.100742,767.0,4280.0,5.205703401858451,5.024154396698166
0.393333,0.4015,0.907084,0.0982583,538.0,3248.0,5.024154396698166,5.503118404190459
0.410833,0.409708,0.666251,0.221404,212.0,4373.0,5.503118404190459,5.503906639858516
0.3325,0.342162,0.625418,0.184092,433.0,5124.0,5.503906639858516,5.258040897472628
0.33,0.335217,0.667918,0.132463,333.0,4934.0,5.258040897472628,5.06797043894717
0.326667,0.301767,0.556668,0.374383,314.0,3814.0,5.06797043894717,5.181147735002839
0.265833,0.236113,0.44125099999999995,0.407346,221.0,3402.0,5.181147735002839,4.583380135392686
0.245833,0.259471,0.515418,0.133083,205.0,1544.0,4.583380135392686,5.333132391409986
0.231304,0.2589,0.791305,0.0772304,408.0,1379.0,5.333132391409986,4.6477185061528195
0.291304,0.294465,0.734784,0.168726,174.0,746.0,4.6477185061528195,5.407936185474758
0.243333,0.220333,0.823334,0.316546,440.0,573.0,5.407936185474758,4.4800117224673235
0.254167,0.226642,0.652918,0.350133,9.0,432.0,4.4800117224673235,6.878930642252498
0.253333,0.255046,0.590001,0.155471,247.0,1867.0,6.878930642252498,5.692844369957674
0.253333,0.2424,0.752918,0.124383,644.0,2451.0,5.692844369957674,4.475266049432142
0.255833,0.2317,0.483334,0.350754,159.0,1182.0,4.475266049432142,5.603784716849628
0.215833,0.223487,0.577501,0.154846,364.0,1432.0,5.603784716849628,5.730011623115354
